"","sort(rowSums(as.matrix(term_freq_female)), decreasing = TRUE)"
"bill",2722
"questions",1882
"topical",1879
"business",885
"covid",833
"house",764
"sitting",600
"engagements",593
"health",555
"social",404
"education",385
"european",376
"lords",366
"care",363
"support",361
"union",342
"services",327
"amendment",315
"public",314
"funding",311
"government",306
"regulations",295
"draft",288
"nhs",271
"local",262
"withdrawal",255
"economic",252
"update",248
"women",248
"people",233
"domestic",230
"order",230
"finance",227
"security",224
"abuse",223
"trade",223
"budget",213
"national",211
"crime",207
"international",206
"rail",206
"reform",204
"work",202
"leaving",197
"northern",196
"england",195
"act",193
"immigration",191
"economy",190
"children",188
"ireland",184
"first",174
"employment",172
"housing",170
"mental",167
"credit",166
"protection",164
"exit",162
"day",160
"service",160
"resolutions",158
"parliamentary",157
"child",155
"welfare",153
"review",152
"development",151
"strategy",150
"sector",148
"universal",148
"transport",146
"policy",144
"safety",144
"violence",138
"future",136
"industry",133
"infrastructure",133
"rights",133
"schools",132
"school",131
"council",130
"tax",130
"situation",128
"investment",126
"pay",125
"scheme",125
"coronavirus",124
"energy",124
"defence",123
"financial",122
"womens",122
"police",121
"agreement",120
"planning",120
"second",118
"rural",113
"armed",110
"human",109
"access",106
"aid",102
"young",102
"forces",100
"legal",100
"environment",99
"payments",99
"points",99
"report",98
"disabled",96
"etc",96
"sentencing",96
"high",95
"online",94
"businesses",91
"free",89
"policing",87
"community",86
"food",86
"justice",86
"law",86
"pension",86
"agriculture",84
"east",83
"constituencies",82
"climate",80
"committee",80
"office",80
"system",80
"growth",78
"standards",78
"victims",78
"poverty",77
"small",77
"third",77
"cancer",76
"pensions",76
"prisons",76
"air",75
"communities",75
"debate",75
"youth",75
"gender",74
"courts",73
"powers",73
"referendum",73
"sport",73
"benefit",72
"plan",72
"syria",72
"west",72
"educational",71
"independent",71
"market",71
"prison",71
"sexual",71
"broadband",70
"criminal",70
"flood",69
"workers",69
"homelessness",68
"homes",68
"civil",67
"investigatory",67
"overseas",67
"programme",67
"rates",67
"negotiations",66
"commonwealth",65
"disability",65
"flooding",65
"statement",65
"foreign",64
"nuclear",64
"blood",63
"fourth",63
"living",63
"veterans",63
"voting",63
"contracts",62
"exiting",61
"london",61
"medical",61
"new",60
"private",60
"world",60
"scotland",59
"speed",59
"yemen",59
"childcare",58
"equality",58
"north",58
"research",58
"response",58
"fisheries",57
"industrial",57
"enterprise",56
"jobs",56
"registration",56
"road",56
"change",55
"families",55
"female",55
"global",55
"life",55
"relationship",55
"bank",54
"personal",54
"coordination",53
"court",53
"fuel",53
"regional",53
"spending",53
"commission",52
"early",52
"girls",52
"state",52
"wales",52
"authority",51
"football",51
"regulation",51
"royal",51
"areas",50
"british",50
"digital",50
"electoral",50
"emergency",50
"skills",50
"tourism",50
"age",49
"agency",49
"fund",49
"gap",49
"higher",49
"inquiry",49
"paper",49
"unemployment",49
"winter",49
"working",48
"family",47
"offences",47
"offenders",47
"restrictions",47
"training",46
"white",46
"adjournment",45
"adoption",45
"affairs",45
"animal",45
"contaminated",45
"industries",45
"marriage",45
"products",45
"quality",45
"home",44
"midlands",44
"modern",44
"partnership",44
"united",44
"water",44
"allowance",43
"apprenticeships",43
"counterterrorism",43
"crisis",43
"fire",43
"independence",43
"media",43
"personnel",43
"slavery",43
"exports",42
"lockdown",42
"prevention",42
"agreements",41
"childrens",41
"devolution",41
"disabilities",41
"fifth",41
"maternity",41
"sanctions",41
"settings",41
"windrush",41
"without",41
"bbc",40
"building",40
"compensation",40
"data",40
"executive",40
"fishing",40
"green",40
"hospital",40
"internal",40
"political",40
"rollout",40
"sustainable",40
"capacity",39
"companies",39
"elections",39
"management",39
"mobility",39
"needs",39
"use",39
"waste",39
"action",38
"benefits",38
"drugs",38
"duty",38
"leave",38
"sex",38
"sixth",38
"special",38
"week",38
"adult",37
"bus",37
"code",37
"period",37
"post",37
"reduction",37
"return",37
"workplace",37
"birmingham",36
"department",36
"election",36
"innovation",36
"legislation",36
"money",36
"parental",36
"point",36
"property",36
"south",36
"assistance",35
"changes",35
"farmers",35
"insurance",35
"kingdom",35
"measures",35
"power",35
"prisoners",35
"refugees",35
"staff",35
"summer",35
"vehicles",35
"autism",34
"aviation",34
"cap",34
"charities",34
"exploitation",34
"general",34
"ministerial",34
"pollution",34
"steel",34
"technology",34
"travel",34
"abortion",33
"assessment",33
"autumn",33
"britain",33
"centres",33
"costs",33
"doctors",33
"fees",33
"line",33
"longterm",33
"payment",33
"prices",33
"students",33
"taxation",33
"treatment",33
"animals",32
"banking",32
"border",32
"closures",32
"cultural",32
"equitable",32
"hate",32
"schemes",32
"supporting",32
"vaccine",32
"vulnerable",32
"agricultural",31
"awareness",31
"charges",31
"consultation",31
"deaths",31
"direct",31
"discrimination",31
"essex",31
"europe",31
"healthcare",31
"holocaust",31
"science",31
"stem",31
"transparency",31
"ukeu",31
"capability",30
"culture",30
"deal",30
"formation",30
"governance",30
"grenfell",30
"harassment",30
"harms",30
"members",30
"notification",30
"railway",30
"seventh",30
"transition",30
"trust",30
"vote",30
"attacks",29
"countries",29
"eighth",29
"junior",29
"learning",29
"participation",29
"telecommunications",29
"tower",29
"wage",29
"advice",28
"charge",28
"cost",28
"incident",28
"job",28
"middle",28
"parking",28
"plans",28
"plastic",28
"projects",28
"recovery",28
"representation",28
"student",28
"terrorist",28
"africa",27
"bame",27
"careers",27
"charitable",27
"conditions",27
"estate",27
"farming",27
"games",27
"gas",27
"genital",27
"implementation",27
"income",27
"legacy",27
"medicines",27
"mutilation",27
"performance",27
"provision",27
"serious",27
"supply",27
"betting",26
"centenary",26
"contributions",26
"english",26
"hong",26
"kong",26
"land",26
"licensing",26
"network",26
"procurement",26
"recruitment",26
"weapons",26
"accommodation",25
"administration",25
"capital",25
"claims",25
"credits",25
"developing",25
"devices",25
"end",25
"equal",25
"southwest",25
"superfast",25
"supported",25
"testing",25
"university",25
"address",24
"afghanistan",24
"confidence",24
"creative",24
"edinburgh",24
"electric",24
"environmental",24
"guidance",24
"inequality",24
"information",24
"ivory",24
"liability",24
"loss",24
"minimum",24
"offensive",24
"operations",24
"prince",24
"relief",24
"settlement",24
"shared",24
"southern",24
"staffordshire",24
"units",24
"war",24
"assessments",23
"brexit",23
"christians",23
"continuity",23
"contract",23
"counterdaesh",23
"devolved",23
"duke",23
"fraud",23
"goals",23
"highness",23
"memorial",23
"military",23
"opportunities",23
"parliament",23
"persecution",23
"philip",23
"productivity",23
"refugee",23
"relations",23
"smes",23
"society",23
"towns",23
"trafficking",23
"years",23
"alcohol",22
"arrangements",22
"authorities",22
"breast",22
"commons",22
"constitutional",22
"disparities",22
"electricity",22
"finances",22
"force",22
"framework",22
"franchise",22
"iran",22
"knife",22
"legislative",22
"manufacturing",22
"marine",22
"ministers",22
"neighbourhood",22
"nondomestic",22
"persons",22
"prime",22
"proxy",22
"retention",22
"role",22
"rough",22
"safeguards",22
"scottish",22
"screening",22
"space",22
"summit",22
"uks",22
"accountability",21
"baby",21
"brain",21
"consumer",21
"departmental",21
"detention",21
"disclosure",21
"functions",21
"governments",21
"hospitality",21
"impact",21
"inequalities",21
"maintenance",21
"meals",21
"obesity",21
"pregnancy",21
"responsibility",21
"tribunals",21
"wind",21
"accessibility",20
"antisocial",20
"article",20
"arts",20
"beer",20
"behaviour",20
"carers",20
"cladding",20
"cycling",20
"expenditure",20
"foundation",20
"illegal",20
"mobile",20
"official",20
"partnerships",20
"probation",20
"proceedings",20
"project",20
"proposed",20
"rate",20
"restoration",20
"tariffs",20
"tree",20
"voter",20
"complaints",19
"conduct",19
"cox",19
"defences",19
"hospitals",19
"joint",19
"kent",19
"leaseholders",19
"main",19
"major",19
"officers",19
"older",19
"organ",19
"places",19
"seasonal",19
"section",19
"speakers",19
"suicide",19
"target",19
"trusts",19
"academies",18
"advanced",18
"association",18
"black",18
"bullying",18
"campaign",18
"carbon",18
"cases",18
"childhood",18
"citizens",18
"common",18
"conflict",18
"control",18
"couples",18
"dangerous",18
"dementia",18
"invention",18
"olympics",18
"orders",18
"peoples",18
"planting",18
"rehabilitation",18
"safeguarding",18
"secondary",18
"teaching",18
"vat",18
"welsh",18
"wildlife",18
"xinjiang",18
"amendments",17
"anglia",17
"avoidance",17
"bodies",17
"broadcasting",17
"calais",17
"colleges",17
"comprehensive",17
"connectivity",17
"cooperation",17
"covenant",17
"death",17
"disease",17
"drink",17
"facilities",17
"flexible",17
"gambling",17
"grievance",17
"israel",17
"kickstart",17
"labour",17
"lgbt",17
"loan",17
"lobbying",17
"membership",17
"miscellaneous",17
"nationals",17
"ninth",17
"opportunity",17
"organised",17
"recognition",17
"religious",17
"renewal",17
"reopening",17
"retail",17
"street",17
"temporary",17
"terminals",17
"voyeurism",17
"anniversary",16
"assisted",16
"asylum",16
"bereavement",16
"bills",16
"board",16
"centre",16
"channel",16
"convention",16
"corporation",16
"cosmetic",16
"crewe",16
"crossborder",16
"crown",16
"curriculum",16
"daesh",16
"disadvantaged",16
"donation",16
"dwp",16
"events",16
"freedom",16
"iraq",16
"language",16
"levels",16
"leveson",16
"marriages",16
"migration",16
"numbers",16
"odds",16
"ownership",16
"park",16
"penalty",16
"production",16
"protocol",16
"pub",16
"radio",16
"rating",16
"sporting",16
"staffing",16
"stations",16
"subjects",16
"tobacco",16
"train",16
"value",16
"victim",16
"allowances",15
"audit",15
"botulinum",15
"cities",15
"company",15
"contribution",15
"dairy",15
"discussions",15
"emissions",15
"engagement",15
"equalities",15
"extension",15
"fillers",15
"fixed",15
"formula",15
"history",15
"merger",15
"mps",15
"package",15
"policies",15
"protecting",15
"recall",15
"rules",15
"secretary",15
"speech",15
"streets",15
"terrorism",15
"tests",15
"theft",15
"toxin",15
"unaccompanied",15
"visas",15
"workforce",15
"yearolds",15
"applications",14
"arabia",14
"badger",14
"charity",14
"claimants",14
"clean",14
"club",14
"consent",14
"crossings",14
"customs",14
"delegated",14
"diagnosis",14
"ethnic",14
"extinction",14
"grant",14
"humanitarian",14
"integrated",14
"jobseekers",14
"levy",14
"metal",14
"model",14
"nursery",14
"officer",14
"press",14
"process",14
"pubs",14
"rape",14
"relationships",14
"removal",14
"risk",14
"selfemployed",14
"sleeping",14
"sports",14
"stalking",14
"statutory",14
"strategic",14
"town",14
"trading",14
"trends",14
"underoccupancy",14
"vocational",14
"airports",13
"assaults",13
"bovine",13
"coast",13
"county",13
"diseases",13
"dying",13
"fair",13
"gangs",13
"great",13
"group",13
"groups",13
"heathrow",13
"improving",13
"incineration",13
"intimidation",13
"manchester",13
"nato",13
"net",13
"northwest",13
"packaging",13
"palestinian",13
"peace",13
"practice",13
"prosecution",13
"punishment",13
"relevant",13
"renewable",13
"reviews",13
"rohingya",13
"saudi",13
"scrutiny",13
"sites",13
"statistics",13
"supplies",13
"targets",13
"technical",13
"time",13
"travellers",13
"universities",13
"votes",13
"year",13
"zero",13
"accounts",12
"acts",12
"additional",12
"advisers",12
"aircraft",12
"antisemitism",12
"bonuses",12
"borders",12
"buildings",12
"car",12
"circuses",12
"commemoration",12
"congestion",12
"corporate",12
"design",12
"diversity",12
"donations",12
"driving",12
"drug",12
"encampments",12
"engineering",12
"equipment",12
"forced",12
"franchising",12
"gypsies",12
"historical",12
"interference",12
"isil",12
"issues",12
"judgment",12
"laundering",12
"leasehold",12
"markets",12
"mens",12
"month",12
"mortality",12
"oil",12
"outcomes",12
"paris",12
"patient",12
"plus",12
"preparations",12
"preventing",12
"promotion",12
"provisions",12
"raf",12
"regeneration",12
"sales",12
"savings",12
"seekers",12
"solar",12
"station",12
"strengthening",12
"talks",12
"tenancies",12
"tenth",12
"territorial",12
"test",12
"treasury",12
"treatments",12
"tumours",12
"twelfth",12
"visa",12
"voluntary",12
"wild",12
"accident",11
"airport",11
"attack",11
"backlog",11
"belt",11
"coastal",11
"coastguard",11
"coverage",11
"creation",11
"democracy",11
"diplomatic",11
"effect",11
"electors",11
"electrification",11
"export",11
"fitness",11
"habitation",11
"hidden",11
"highspeed",11
"hmp",11
"india",11
"islands",11
"jobcentre",11
"lines",11
"live",11
"matters",11
"migrant",11
"minister",11
"minorities",11
"offshore",11
"onshore",11
"opening",11
"pandemic",11
"parliaments",11
"penalties",11
"pharmacies",11
"place",11
"plant",11
"professional",11
"programmes",11
"rebellion",11
"regime",11
"remote",11
"remploy",11
"rent",11
"rented",11
"responsibilities",11
"returning",11
"right",11
"sea",11
"sectors",11
"secure",11
"sentences",11
"start",11
"states",11
"status",11
"suppliers",11
"tackling",11
"tariff",11
"telford",11
"tenant",11
"tenants",11
"tributes",11
"ukraine",11
"unauthorised",11
"unsafe",11
"vehicle",11
"zones",11
"aerospace",10
"affordable",10
"ambulance",10
"appeals",10
"arms",10
"belief",10
"boats",10
"body",10
"brownfield",10
"cheshire",10
"church",10
"citizen",10
"city",10
"commercial",10
"committees",10
"cooperative",10
"coverings",10
"custody",10
"deemed",10
"delivery",10
"departments",10
"diabetes",10
"disorder",10
"eleventh",10
"eligibility",10
"enforcement",10
"entertainment",10
"entrepreneurs",10
"extent",10
"face",10
"fertilisation",10
"fiscal",10
"flytipping",10
"govia",10
"historic",10
"horizon",10
"individuals",10
"insolvency",10
"interest",10
"intervention",10
"localism",10
"mathematics",10
"mid",10
"multiplex",10
"music",10
"objects",10
"outside",10
"parents",10
"passenger",10
"passport",10
"priorities",10
"qualifications",10
"reading",10
"recent",10
"recycling",10
"release",10
"results",10
"river",10
"rivers",10
"route",10
"rule",10
"safe",10
"scotlands",10
"select",10
"separation",10
"stormont",10
"succession",10
"sudan",10
"sure",10
"sustainability",10
"technologies",10
"telegraphy",10
"traffic",10
"transformation",10
"uyghur",10
"vaccines",10
"weather",10
"wireless",10
"abroad",9
"advertising",9
"annual",9
"appointment",9
"apprenticeship",9
"automated",9
"ban",9
"boards",9
"budgets",9
"campaigning",9
"cardiac",9
"carillion",9
"christmas",9
"communications",9
"contact",9
"cull",9
"cybersecurity",9
"debt",9
"deterrent",9
"devon",9
"dissolution",9
"divorce",9
"endoflife",9
"evasion",9
"everyone",9
"evidence",9
"faith",9
"falkland",9
"fares",9
"farm",9
"forecast",9
"funds",9
"heritage",9
"hgv",9
"holidays",9
"households",9
"increase",9
"initiative",9
"injury",9
"institutions",9
"intelligence",9
"inward",9
"lessons",9
"level",9
"licence",9
"links",9
"literacy",9
"lottery",9
"maritime",9
"minority",9
"misuse",9
"nonparty",9
"offices",9
"olympic",9
"organisations",9
"parole",9
"parties",9
"pensioners",9
"phone",9
"pilots",9
"pornography",9
"port",9
"preparation",9
"protests",9
"publication",9
"puppy",9
"register",9
"religion",9
"reoffending",9
"required",9
"restriction",9
"reunion",9
"salisbury",9
"shipbuilding",9
"shipping",9
"sittings",9
"size",9
"sri",9
"standing",9
"startups",9
"submarines",9
"substance",9
"territories",9
"tribunal",9
"trident",9
"twenty",9
"ukus",9
"unemployed",9
"verification",9
"wellbeing",9
"yorkshire",9
"activity",8
"agenda",8
"airlines",8
"analysis",8
"anonymity",8
"army",8
"assembly",8
"back",8
"backbench",8
"battle",8
"bedfordshire",8
"belarus",8
"burma",8
"candidates",8
"certificates",8
"chains",8
"charter",8
"china",8
"citizenship",8
"conflicts",8
"connections",8
"conservation",8
"coventry",8
"cup",8
"decisions",8
"deregulation",8
"developments",8
"documents",8
"dog",8
"dogs",8
"ebola",8
"elected",8
"empty",8
"enfranchisement",8
"environmentally",8
"eurozone",8
"exams",8
"exercise",8
"expansion",8
"firefighters",8
"fixedterm",8
"forestry",8
"freight",8
"furlough",8
"gaming",8
"grassroots",8
"greensill",8
"holiday",8
"homeless",8
"hours",8
"household",8
"hydrogen",8
"japan",8
"judicial",8
"labelling",8
"lanka",8
"library",8
"limits",8
"lincolnshire",8
"loans",8
"loneliness",8
"lotteries",8
"map",8
"maternal",8
"meat",8
"merchant",8
"mesh",8
"mesothelioma",8
"meters",8
"midland",8
"ministry",8
"musicians",8
"myanmar",8
"navy",8
"obligations",8
"outlook",8
"papers",8
"paralympic",8
"parks",8
"passengers",8
"phase",8
"ports",8
"pricing",8
"progressive",8
"prohibition",8
"prompt",8
"proposals",8
"prosecutions",8
"race",8
"records",8
"red",8
"roads",8
"ruling",8
"russia",8
"russian",8
"sale",8
"selfemployment",8
"sleepers",8
"societies",8
"southeast",8
"southeastern",8
"stage",8
"stock",8
"suffolk",8
"supreme",8
"syndrome",8
"thameslink",8
"thirteenth",8
"tracing",8
"uprating",8
"violent",8
"wearing",8
"wine",8
"witnesses",8
"adjustments",7
"administrative",7
"agents",7
"amesbury",7
"anticipation",7
"appeal",7
"appointments",7
"arcadia",7
"arrest",7
"associations",7
"australian",7
"automotive",7
"awards",7
"baroness",7
"better",7
"big",7
"boys",7
"bushfires",7
"carrier",7
"churches",7
"clubs",7
"college",7
"combating",7
"compulsory",7
"crimes",7
"crossing",7
"curfew",7
"debenhams",7
"declaration",7
"deployment",7
"deportation",7
"directive",7
"disparate",7
"distancing",7
"drainage",7
"drivers",7
"drones",7
"duties",7
"earnings",7
"efficiency",7
"embryology",7
"entitlement",7
"excellence",7
"excise",7
"experience",7
"extremism",7
"fco",7
"fee",7
"feedin",7
"firsttime",7
"flight",7
"floods",7
"forest",7
"full",7
"genocide",7
"goods",7
"gosport",7
"grammar",7
"greater",7
"gypsy",7
"habitats",7
"harm",7
"hmrc",7
"homophobia",7
"hormone",7
"hybrid",7
"ill",7
"infant",7
"investigation",7
"january",7
"korea",7
"laws",7
"learned",7
"libya",7
"licences",7
"link",7
"lives",7
"long",7
"ltd",7
"machines",7
"maintained",7
"majestys",7
"may",7
"mediterranean",7
"meeting",7
"mining",7
"monarch",7
"nigeria",7
"nomination",7
"northeast",7
"nurses",7
"october",7
"offender",7
"organisers",7
"panel",7
"party",7
"pointsbased",7
"practices",7
"price",7
"primary",7
"prisoner",7
"progress",7
"protected",7
"question",7
"ratification",7
"regulatory",7
"renewables",7
"representatives",7
"revocation",7
"revolution",7
"rolling",7
"routes",7
"rugby",7
"samesex",7
"saving",7
"seaborne",7
"shale",7
"short",7
"single",7
"smart",7
"speaker",7
"specialist",7
"species",7
"statements",7
"strike",7
"suppression",7
"surgical",7
"syrian",7
"taylor",7
"terms",7
"thatcher",7
"therapy",7
"transfer",7
"transitional",7
"tuition",7
"variation",7
"venezuela",7
"visits",7
"walking",7
"western",7
"worcestershire",7
"zoos",7
"acquired",6
"administrations",6
"adults",6
"allegations",6
"allocation",6
"antimoney",6
"approvals",6
"attendance",6
"auditors",6
"awarding",6
"babies",6
"banks",6
"barriers",6
"biomass",6
"bono",6
"cabinet",6
"census",6
"central",6
"century",6
"class",6
"clinical",6
"commissioner",6
"conception",6
"congleton",6
"construction",6
"continuing",6
"convictions",6
"cps",6
"crossdepartmental",6
"cybercrime",6
"cyprus",6
"daylight",6
"debates",6
"defamation",6
"delays",6
"dental",6
"engine",6
"escalator",6
"everywhere",6
"exclusion",6
"express",6
"external",6
"fathers",6
"fifteenth",6
"forward",6
"ftse",6
"gains",6
"gkn",6
"grants",6
"haass",6
"hall",6
"hillsborough",6
"hire",6
"horses",6
"hunting",6
"immigrants",6
"injuries",6
"innovative",6
"inwork",6
"journalists",6
"jubilee",6
"kashmir",6
"kings",6
"leeds",6
"lifesaving",6
"littering",6
"lowincome",6
"magistrates",6
"majesty",6
"male",6
"meaningful",6
"migrants",6
"modernday",6
"modernising",6
"mosul",6
"nazanin",6
"need",6
"nodeal",6
"norfolk",6
"nursing",6
"obligation",6
"obr",6
"occupation",6
"occupied",6
"operating",6
"organisation",6
"outdoor",6
"outsourcing",6
"palestine",6
"person",6
"pip",6
"position",6
"postal",6
"presidency",6
"privilege",6
"pro",6
"product",6
"prosperity",6
"protections",6
"protest",6
"queen",6
"radicalisation",6
"railways",6
"recreation",6
"reducing",6
"registers",6
"reporting",6
"reports",6
"requirements",6
"rescue",6
"residents",6
"restorative",6
"scheduling",6
"senior",6
"sentence",6
"severe",6
"smuggling",6
"somerset",6
"spring",6
"stamp",6
"statefunded",6
"subpostmaster",6
"suffrage",6
"sussex",6
"swap",6
"taskforce",6
"taxi",6
"threat",6
"times",6
"transatlantic",6
"transpacific",6
"traveller",6
"trial",6
"ukjapan",6
"unit",6
"view",6
"virtual",6
"ways",6
"weddings",6
"westminster",6
"zaghariratcliffe",6
"zimbabwe",6
"abolition",5
"academy",5
"activists",5
"activities",5
"aids",5
"alevel",5
"aluminium",5
"amateur",5
"anonymous",5
"aquariums",5
"area",5
"armistice",5
"ash",5
"backstop",5
"bailiffs",5
"bangladesh",5
"base",5
"basic",5
"bet",5
"bid",5
"biodiversity",5
"births",5
"bishops",5
"borough",5
"borrow",5
"bridge",5
"britains",5
"buyers",5
"camps",5
"cancers",5
"cannabis",5
"capita",5
"caravans",5
"carriers",5
"cars",5
"case",5
"ceilings",5
"cell",5
"chalk",5
"closure",5
"coalfired",5
"codes",5
"combined",5
"competition",5
"compliance",5
"concessionary",5
"condition",5
"consequential",5
"constituency",5
"constitution",5
"content",5
"cop",5
"country",5
"criteria",5
"crops",5
"custodial",5
"dartford",5
"dealers",5
"deals",5
"decarbonisation",5
"democratic",5
"diesel",5
"dinner",5
"disorders",5
"disposal",5
"dualling",5
"eating",5
"egypt",5
"environments",5
"esa",5
"eviction",5
"evictions",5
"extradition",5
"fairness",5
"farms",5
"february",5
"federation",5
"ferry",5
"five",5
"ford",5
"forensic",5
"forum",5
"frontline",5
"gcse",5
"generation",5
"good",5
"gps",5
"greece",5
"greenhouse",5
"growing",5
"gulf",5
"handling",5
"hiv",5
"hms",5
"houses",5
"huawei",5
"hub",5
"hurricane",5
"identity",5
"implants",5
"implications",5
"improvements",5
"incomes",5
"insecurity",5
"instruments",5
"jamaica",5
"journeys",5
"key",5
"lane",5
"leicester",5
"leisure",5
"lending",5
"levelling",5
"lifting",5
"lists",5
"lookedafter",5
"lothian",5
"lowcarbon",5
"means",5
"meningitis",5
"menopause",5
"metropolitan",5
"mitochondrial",5
"modernisation",5
"moratorium",5
"mothers",5
"motor",5
"navigation",5
"neonicotinoids",5
"noneu",5
"nurse",5
"nurseries",5
"oda",5
"operation",5
"oral",5
"orkambi",5
"outofschool",5
"paid",5
"palliative",5
"parts",5
"perinatal",5
"pharmacy",5
"platforms",5
"population",5
"portsmouth",5
"posttransition",5
"pregnant",5
"premium",5
"presidents",5
"prevent",5
"printworks",5
"privatisation",5
"problem",5
"procedure",5
"prodemocracy",5
"prorogation",5
"provisional",5
"qualification",5
"queens",5
"record",5
"reductions",5
"redundancies",5
"regulator",5
"repeal",5
"replacement",5
"resettlement",5
"resilience",5
"resources",5
"restoring",5
"sanitation",5
"schoolshigh",5
"scrap",5
"sectoral",5
"separated",5
"share",5
"shellfish",5
"sixteenth",5
"soldiers",5
"spatial",5
"standardised",5
"substances",5
"sunday",5
"thames",5
"timetabling",5
"transforming",5
"transgender",5
"tropical",5
"turkey",5
"two",5
"uber",5
"ultrarare",5
"unders",5
"uniforms",5
"urban",5
"vaccination",5
"vaccinations",5
"valley",5
"valour",5
"westferry",5
"whitsun",5
"abu",4
"accession",4
"accounting",4
"acute",4
"admissions",4
"airways",4
"aleppo",4
"algeria",4
"alternatives",4
"amazon",4
"amphibious",4
"antimicrobial",4
"asian",4
"atsea",4
"australia",4
"automatic",4
"backgrounds",4
"balfour",4
"bankers",4
"barnet",4
"bass",4
"beecroft",4
"beyond",4
"biometrics",4
"birthday",4
"boroughs",4
"bottles",4
"boundary",4
"bowel",4
"branch",4
"breathing",4
"built",4
"burton",4
"calls",4
"casey",4
"caste",4
"certain",4
"challenges",4
"charging",4
"chinese",4
"chris",4
"clause",4
"clyde",4
"coach",4
"coaches",4
"coal",4
"confident",4
"connaught",4
"contingency",4
"conversion",4
"conviction",4
"copies",4
"cornwall",4
"corruption",4
"cqc",4
"creating",4
"crossrail",4
"csr",4
"dark",4
"david",4
"days",4
"decision",4
"definition",4
"deposit",4
"derbyshire",4
"diplomacy",4
"division",4
"dna",4
"dwellings",4
"easter",4
"eastern",4
"effects",4
"eighteenth",4
"electrical",4
"elizabeth",4
"ending",4
"entrepreneurship",4
"estimates",4
"exchange",4
"expectancy",4
"famine",4
"fifa",4
"financing",4
"fireworks",4
"firing",4
"firms",4
"foetal",4
"former",4
"foxsky",4
"france",4
"freelance",4
"freeze",4
"gaza",4
"gibraltar",4
"grooming",4
"grounds",4
"guarantee",4
"guardian",4
"harlow",4
"haulage",4
"hauliers",4
"heat",4
"helpline",4
"highs",4
"horserace",4
"hospice",4
"imprisonment",4
"infected",4
"intellectual",4
"internet",4
"investigations",4
"isle",4
"jamal",4
"judgments",4
"judiciary",4
"jurisdiction",4
"keepers",4
"landfill",4
"late",4
"lawyers",4
"leader",4
"leaders",4
"leaflet",4
"leavers",4
"legislating",4
"libor",4
"litter",4
"lost",4
"low",4
"mass",4
"medal",4
"medicine",4
"mediumsized",4
"metre",4
"microbead",4
"microbeads",4
"missing",4
"mistakes",4
"murder",4
"nao",4
"nationality",4
"nature",4
"newcastle",4
"newspapers",4
"noise",4
"northamptonshire",4
"norwich",4
"nuisance",4
"objectives",4
"ockenden",4
"oneill",4
"organic",4
"outcome",4
"outofhours",4
"overs",4
"pakistan",4
"palace",4
"past",4
"pathway",4
"permits",4
"permitting",4
"pet",4
"petrol",4
"pets",4
"physical",4
"pilot",4
"poppi",4
"potential",4
"prayers",4
"prescription",4
"presidential",4
"presumption",4
"princess",4
"prize",4
"problems",4
"profession",4
"professionals",4
"protective",4
"psychoactive",4
"pupil",4
"pupils",4
"qatada",4
"quarantine",4
"racism",4
"reactors",4
"recess",4
"recreational",4
"reforms",4
"refuges",4
"region",4
"regions",4
"registry",4
"relocation",4
"remedial",4
"remembrance",4
"remuneration",4
"renegotiation",4
"reserve",4
"residential",4
"resistance",4
"result",4
"revenue",4
"revival",4
"rollsroyce",4
"sanctuaries",4
"scams",4
"schoolreadiness",4
"screen",4
"severn",4
"shooting",4
"simplification",4
"sixthform",4
"slave",4
"soft",4
"soil",4
"stability",4
"starting",4
"static",4
"stream",4
"stroke",4
"structural",4
"sudden",4
"superannuation",4
"surveillance",4
"swindon",4
"systems",4
"takeover",4
"teacher",4
"teachers",4
"team",4
"termination",4
"ticket",4
"ticketing",4
"tiers",4
"trace",4
"trains",4
"treaty",4
"trees",4
"trophy",4
"trump",4
"tuberculosis",4
"type",4
"undersecretary",4
"unions",4
"unpaid",4
"upskirting",4
"values",4
"venues",4
"volunteers",4
"waless",4
"wells",4
"wider",4
"workingage",4
"workingclass",4
"works",4
"worship",4
"worthington",4
"written",4
"wuhan",4
"abingdon",3
"acid",3
"active",3
"added",3
"addiction",3
"advisory",3
"alexander",3
"alexandra",3
"announcement",3
"answers",3
"antibiotics",3
"anticonvulsant",3
"anticorruption",3
"application",3
"approval",3
"arctic",3
"assault",3
"asset",3
"assets",3
"atos",3
"attainment",3
"attractions",3
"availability",3
"average",3
"balance",3
"balancing",3
"bans",3
"barnett",3
"basing",3
"basketball",3
"bhs",3
"bilateral",3
"biphobia",3
"block",3
"bombardier",3
"boundaries",3
"bradford",3
"breweries",3
"brick",3
"brussels",3
"bskyb",3
"bursary",3
"burundi",3
"buy",3
"cadet",3
"cambridge",3
"capabilities",3
"ccg",3
"ceramic",3
"cervical",3
"chain",3
"chamber",3
"chances",3
"changing",3
"chemical",3
"chemicals",3
"choice",3
"clinics",3
"coalition",3
"coffee",3
"collaboration",3
"collection",3
"commissioners",3
"commissioning",3
"commitment",3
"commonhold",3
"communication",3
"computer",3
"conference",3
"connecting",3
"consultants",3
"consumption",3
"contractedout",3
"controls",3
"cook",3
"coroners",3
"counselling",3
"couple",3
"coursing",3
"covert",3
"cptpp",3
"cremation",3
"crosschannel",3
"crossexamination",3
"cruelty",3
"cups",3
"cuts",3
"cyberbullying",3
"cystic",3
"damages",3
"deep",3
"deferred",3
"defibrillators",3
"deficit",3
"deforestation",3
"degraded",3
"delay",3
"deposits",3
"detergents",3
"dfidfco",3
"dhsc",3
"diamond",3
"dieback",3
"dioxide",3
"directors",3
"disabilityinclusive",3
"discovery",3
"dismiss",3
"disparity",3
"displaced",3
"dispute",3
"disruption",3
"distribution",3
"district",3
"divisions",3
"donald",3
"downturn",3
"drinks",3
"driver",3
"economies",3
"eden",3
"embassy",3
"emission",3
"entering",3
"epping",3
"erasmus",3
"euuk",3
"exam",3
"executions",3
"exemption",3
"exposed",3
"extended",3
"extreme",3
"facial",3
"facility",3
"farright",3
"feltham",3
"fibrosis",3
"fighting",3
"firefire",3
"fishermen",3
"flag",3
"flybe",3
"flyparking",3
"fox",3
"franchises",3
"frequency",3
"fsa",3
"fundraising",3
"funeral",3
"gatherings",3
"geographic",3
"georges",3
"gibb",3
"governing",3
"governor",3
"governors",3
"grid",3
"hacking",3
"hammersmith",3
"hand",3
"hare",3
"hearing",3
"help",3
"highly",3
"highway",3
"hinkley",3
"homebuyers",3
"homicide",3
"hull",3
"hygiene",3
"immunisation",3
"imports",3
"inclusive",3
"individual",3
"ineligible",3
"infants",3
"influence",3
"informal",3
"institution",3
"institutional",3
"interception",3
"intergovernmental",3
"internships",3
"interpol",3
"interruption",3
"investing",3
"investments",3
"irans",3
"irma",3
"jam",3
"jobmatch",3
"john",3
"junk",3
"keeping",3
"khashoggi",3
"lammy",3
"laser",3
"leadership",3
"leak",3
"lenient",3
"leone",3
"letting",3
"levellingup",3
"liabilities",3
"lifelimiting",3
"lifetime",3
"limitation",3
"livelihoods",3
"liverpool",3
"lobbyists",3
"lung",3
"magnitsky",3
"mail",3
"malaria",3
"malnutrition",3
"march",3
"marking",3
"material",3
"materials",3
"maths",3
"mayoral",3
"mead",3
"melrose",3
"men",3
"merseyside",3
"michelham",3
"microbusinesses",3
"mindfulness",3
"minerals",3
"modification",3
"morecambe",3
"mortgage",3
"motability",3
"motorway",3
"multinational",3
"multiple",3
"museums",3
"muslims",3
"mutual",3
"nagornokarabakh",3
"naming",3
"natural",3
"networks",3
"newborn",3
"next",3
"nissan",3
"noneea",3
"nonuk",3
"northumberland",3
"numeracy",3
"occupational",3
"offpatent",3
"opencast",3
"opinion",3
"optout",3
"ovarian",3
"overcrowding",3
"oxfordshire",3
"palestinians",3
"panama",3
"parades",3
"paradise",3
"parenthood",3
"passchendaele",3
"paterson",3
"petitions",3
"pharmaceutical",3
"phenylketonuria",3
"plastics",3
"platinum",3
"politically",3
"portsmouthlondon",3
"positions",3
"posts",3
"potholes",3
"premature",3
"premiums",3
"preparedness",3
"president",3
"preventive",3
"principles",3
"priory",3
"privatised",3
"privileges",3
"producer",3
"proposal",3
"puppies",3
"queues",3
"rare",3
"ratios",3
"reciprocal",3
"recommitted",3
"recourse",3
"redditch",3
"redevelopment",3
"redundancy",3
"reengage",3
"refinery",3
"reformlegal",3
"regulated",3
"relating",3
"reorganisation",3
"repairs",3
"repatriation",3
"requirement",3
"reserves",3
"respiratory",3
"rest",3
"restrictive",3
"revenge",3
"reward",3
"safer",3
"sandwell",3
"sanitary",3
"sats",3
"scamming",3
"scampton",3
"sciences",3
"scotch",3
"seagulls",3
"selfregulation",3
"send",3
"sergei",3
"ship",3
"ships",3
"shops",3
"shortage",3
"shortages",3
"shrewsbury",3
"sierra",3
"sight",3
"singletier",3
"sir",3
"sky",3
"skyfox",3
"somme",3
"sources",3
"southampton",3
"specific",3
"spectator",3
"squirrels",3
"stepfree",3
"stokeontrent",3
"stop",3
"storage",3
"streatham",3
"strength",3
"subsidies",3
"substitution",3
"sulphur",3
"sunderland",3
"supermarket",3
"supporter",3
"surgery",3
"suspension",3
"syriairaq",3
"tactics",3
"techniques",3
"teenage",3
"tenbury",3
"terminally",3
"thomas",3
"tidal",3
"tissue",3
"tlevels",3
"toshiba",3
"trailer",3
"trainbuilding",3
"transphobia",3
"treaties",3
"trials",3
"uganda",3
"ukrainerussia",3
"underpayments",3
"unduly",3
"uptake",3
"vagrancy",3
"valproate",3
"vision",3
"visteon",3
"waiting",3
"websites",3
"whisky",3
"whorlton",3
"wight",3
"william",3
"wood",3
"woodland",3
"yarls",3
"abatement",2
"absence",2
"accessible",2
"acquisition",2
"acquittals",2
"across",2
"admission",2
"adolescent",2
"advocates",2
"afrin",2
"aftercare",2
"ageing",2
"agent",2
"aggravated",2
"alevels",2
"alleged",2
"allergyrelated",2
"alleviation",2
"alliance",2
"allparty",2
"almadinah",2
"alternative",2
"alzheimers",2
"ampthill",2
"anaerobic",2
"ancient",2
"andrey",2
"andy",2
"anglican",2
"antarctica",2
"anticipated",2
"antivaccination",2
"apprentices",2
"appropriate",2
"arch",2
"arrays",2
"arrows",2
"art",2
"arthritis",2
"artificial",2
"asbestosrelated",2
"asda",2
"asean",2
"assignment",2
"authorised",2
"avoidable",2
"axial",2
"badgers",2
"badman",2
"bag",2
"bahrain",2
"bail",2
"bakerloo",2
"ballymena",2
"bar",2
"barring",2
"batten",2
"bedford",2
"bee",2
"belfast",2
"belhaj",2
"birds",2
"birminghamtelford",2
"blackman",2
"blind",2
"blocks",2
"bogus",2
"bolton",2
"bombings",2
"borrowing",2
"boudchar",2
"boxing",2
"briefings",2
"brighton",2
"brightwater",2
"buckinghamshire",2
"buckskin",2
"buffer",2
"build",2
"bulb",2
"bulgaria",2
"burden",2
"burdens",2
"burial",2
"burning",2
"bury",2
"buying",2
"cameroon",2
"cancellations",2
"canterbury",2
"captives",2
"cardiopulmonary",2
"caring",2
"carta",2
"catchup",2
"catholic",2
"cattle",2
"causes",2
"ccrc",2
"cemetery",2
"chancel",2
"characteristics",2
"charityfunded",2
"chibok",2
"chief",2
"chilcot",2
"chogm",2
"christian",2
"circular",2
"civilians",2
"clergy",2
"client",2
"closer",2
"coalfield",2
"coeliac",2
"collections",2
"collective",2
"combat",2
"commemorations",2
"commencement",2
"commitments",2
"comparisons",2
"complex",2
"composition",2
"confidentiality",2
"congo",2
"connect",2
"consequentials",2
"consistency",2
"continuous",2
"contracting",2
"contractors",2
"controlling",2
"convicting",2
"convoy",2
"cooperatives",2
"cornish",2
"coryton",2
"cotswold",2
"cpirpi",2
"cranes",2
"crises",2
"critical",2
"croughton",2
"cru",2
"cumbria",2
"cyber",2
"cyberactivities",2
"cyclone",2
"darlington",2
"date",2
"davids",2
"davies",2
"dealing",2
"deane",2
"defending",2
"degrees",2
"delayed",2
"demand",2
"deprived",2
"derby",2
"derivatives",2
"deserts",2
"destination",2
"dfid",2
"difficulties",2
"diffuse",2
"digestion",2
"directives",2
"disaster",2
"discards",2
"discharge",2
"discover",2
"discretionary",2
"disinformation",2
"distributional",2
"disturbances",2
"dmitri",2
"dorset",2
"downs",2
"dreadnought",2
"dropin",2
"dryers",2
"dudley",2
"dunn",2
"dyslexia",2
"ebacc",2
"effectiveness",2
"electorate",2
"elimination",2
"embassies",2
"emerging",2
"employers",2
"emryology",2
"endometriosis",2
"energyintensive",2
"enrolment",2
"entitlements",2
"entry",2
"epilepsy",2
"equity",2
"erewash",2
"erosion",2
"establishment",2
"ethical",2
"ethiopia",2
"eucanada",2
"euratom",2
"eus",2
"euturkey",2
"excessive",2
"exoffenders",2
"exotic",2
"expressive",2
"expressway",2
"extant",2
"extremist",2
"famagusta",2
"familyfriendliness",2
"familyfriendly",2
"farmer",2
"fashion",2
"fca",2
"feed",2
"fibromyalgia",2
"fields",2
"fight",2
"figures",2
"film",2
"final",2
"financed",2
"finder",2
"finucane",2
"firearms",2
"fires",2
"firsttier",2
"fish",2
"flights",2
"flitwick",2
"floor",2
"flowering",2
"folic",2
"footprint",2
"forestrybiodiversity",2
"foster",2
"fourteenth",2
"freelancers",2
"freezing",2
"frigate",2
"frigates",2
"fulltime",2
"funded",2
"gamblingrelated",2
"gangassociated",2
"garden",2
"gardens",2
"gasfired",2
"gel",2
"genderbased",2
"generating",2
"genetically",2
"genomics",2
"glass",2
"glenfield",2
"governmentbacked",2
"gppatient",2
"grandparents",2
"graves",2
"greyhound",2
"grimsby",2
"gurkha",2
"gurkhas",2
"gyms",2
"hallett",2
"havens",2
"healthier",2
"healthy",2
"hearings",2
"heart",2
"heating",2
"hedge",2
"hedgehog",2
"helicopters",2
"hereditary",2
"heroism",2
"hezbollah",2
"highcost",2
"highskilled",2
"highways",2
"hill",2
"hockey",2
"holodomor",2
"honda",2
"horsemeat",2
"hpv",2
"hubs",2
"humane",2
"hysteroscopy",2
"ict",2
"idai",2
"identification",2
"idlib",2
"ihra",2
"illnesses",2
"images",2
"imf",2
"immunity",2
"imprisoned",2
"incidents",2
"incinerators",2
"incursion",2
"index",2
"induced",2
"infection",2
"inflation",2
"inla",2
"inquests",2
"insecure",2
"inshore",2
"inspire",2
"intercity",2
"internally",2
"invasive",2
"invisible",2
"involvement",2
"ira",2
"isis",2
"israeli",2
"israelipalestinian",2
"italy",2
"jamie",2
"jammu",2
"jar",2
"jimmy",2
"johnston",2
"jonathan",2
"junction",2
"june",2
"jutland",2
"kayden",2
"kemble",2
"kettering",2
"kew",2
"kidderminster",2
"kidsgrove",2
"kingdoms",2
"kinship",2
"kittens",2
"kovtun",2
"kurdistan",2
"kuvan",2
"kyoto",2
"lancashire",2
"landgreen",2
"lavatories",2
"league",2
"leake",2
"leases",2
"lesotho",2
"lewes",2
"liberation",2
"lifeboats",2
"lifelong",2
"lifeshortening",2
"limb",2
"limit",2
"limited",2
"lisbon",2
"litigation",2
"liver",2
"lobby",2
"location",2
"logistics",2
"londons",2
"looe",2
"losses",2
"lower",2
"lowest",2
"luton",2
"lyme",2
"lynn",2
"lyra",2
"machinery",2
"mackerel",2
"magna",2
"maidstone",2
"maintaining",2
"maldives",2
"mali",2
"malin",2
"malta",2
"managing",2
"mandate",2
"manufacturers",2
"marham",2
"marketing",2
"martin",2
"mayors",2
"mckee",2
"mealspupil",2
"mechanism",2
"mediation",2
"medway",2
"meetings",2
"metrology",2
"migratory",2
"mineworkers",2
"misconduct",2
"misinformation",2
"misogyny",2
"mission",2
"moderate",2
"modified",2
"modular",2
"monetary",2
"monitoring",2
"monoxide",2
"moped",2
"motion",2
"motoring",2
"movement",2
"multi",2
"multiannual",2
"multilateral",2
"munro",2
"murray",2
"musgrove",2
"names",2
"nation",2
"nations",2
"native",2
"naval",2
"neets",2
"nervous",2
"news",2
"newspaper",2
"noncontentious",2
"nondisclosure",2
"noninvasive",2
"nonnative",2
"nonroad",2
"nonstun",2
"nuclearpowered",2
"number",2
"nutrition",2
"observances",2
"ocean",2
"odour",2
"oman",2
"ombudsman",2
"ontheruns",2
"open",2
"operators",2
"opposition",2
"organisms",2
"organs",2
"output",2
"outstanding",2
"oversight",2
"oxford",2
"oxfordcambridge",2
"pace",2
"paediatric",2
"pairing",2
"paralympics",2
"paramilitary",2
"parish",2
"parishes",2
"part",2
"particulars",2
"passports",2
"path",2
"pathways",2
"patients",2
"patrick",2
"payday",2
"permissions",2
"permitted",2
"persistent",2
"pfi",2
"philippines",2
"phonics",2
"pig",2
"pisa",2
"plymouth",2
"policyholders",2
"polish",2
"politicians",2
"politics",2
"pollinator",2
"pollutants",2
"pork",2
"postimplementation",2
"poststudy",2
"pothole",2
"potteries",2
"powerhouse",2
"precision",2
"prep",2
"prescriptions",2
"pressure",2
"privacy",2
"privately",2
"probate",2
"procedures",2
"proceeds",2
"processing",2
"professions",2
"profits",2
"programmeuniversal",2
"proportional",2
"prostitution",2
"protectionism",2
"providers",2
"prüm",2
"psychosis",2
"publicly",2
"quota",2
"quotas",2
"racial",2
"racing",2
"radar",2
"rapistsprotecting",2
"ratio",2
"rbs",2
"readiness",2
"rebalancing",2
"receivables",2
"recession",2
"recognised",2
"reconciliation",2
"redcar",2
"redeployment",2
"reduce",2
"reference",2
"remain",2
"reopenings",2
"repair",2
"repay",2
"replenishment",2
"replication",2
"republic",2
"residence",2
"resolution",2
"responsible",2
"restructuring",2
"resuscitation",2
"retirement",2
"rhiya",2
"riders",2
"riding",2
"riot",2
"rnli",2
"roadside",2
"rock",2
"rogue",2
"roles",2
"rollover",2
"romania",2
"rooms",2
"round",2
"rulesbased",2
"rwandan",2
"sainsburys",2
"salt",2
"sanctuary",2
"savile",2
"sbm",2
"schedule",2
"scheduled",2
"schoolgirls",2
"scientific",2
"seafarers",2
"search",2
"segregation",2
"selfisolation",2
"sentience",2
"setting",2
"settled",2
"settlements",2
"sewage",2
"sewerage",2
"sexselective",2
"sgt",2
"sharing",2
"shopsfixed",2
"shoreline",2
"shropshire",2
"sick",2
"signs",2
"sikh",2
"sinobritish",2
"site",2
"skerne",2
"skilled",2
"skyst",2
"slaughter",2
"smallscale",2
"smokefree",2
"socioeconomic",2
"solihull",2
"somalia",2
"source",2
"southend",2
"southgate",2
"spaces",2
"spain",2
"speeding",2
"spondyloarthritis",2
"sportsrelated",2
"stadiums",2
"startup",2
"stewardship",2
"stockton",2
"strategies",2
"strathclyde",2
"streams",2
"streptococcus",2
"strikes",2
"stronger",2
"study",2
"subsaharan",2
"success",2
"sugary",2
"summits",2
"supplementary",2
"supporters",2
"surplus",2
"surrogacy",2
"survivors",2
"swale",2
"switching",2
"symbols",2
"tameside",2
"tapered",2
"taunton",2
"taxis",2
"tees",2
"teesside",2
"telecoms",2
"tennis",2
"terminal",2
"termtime",2
"testimonials",2
"textile",2
"thameslinkrail",2
"theatre",2
"therapies",2
"threats",2
"threeparent",2
"thursday",2
"tickets",2
"tobago",2
"toeic",2
"tolls",2
"torture",2
"tournaments",2
"toxic",2
"trafficked",2
"transactions",2
"transferable",2
"transfers",2
"transmission",2
"transplants",2
"trapping",2
"trespass",2
"trinidad",2
"troop",2
"troops",2
"tumble",2
"turbines",2
"turkish",2
"twentieth",2
"typeapproval",2
"typhoon",2
"ukindia",2
"ukiran",2
"ukrainian",2
"underground",2
"unincorporated",2
"universitycollege",2
"unmanned",2
"upgrade",2
"upon",2
"upper",2
"usage",2
"used",2
"valedictory",2
"vandalism",2
"vans",2
"variations",2
"vauxhall",2
"vessel",2
"veterinary",2
"vexatious",2
"village",2
"virus",2
"visafree",2
"visible",2
"visitor",2
"vitamin",2
"volcanic",2
"wages",2
"wards",2
"waterloo",2
"waterways",2
"waveney",2
"way",2
"website",2
"wedding",2
"wednesday",2
"weeks",2
"wellington",2
"wharf",2
"whiplash",2
"whistleblowing",2
"wholesale",2
"wifi",2
"williams",2
"wines",2
"wirral",2
"witham",2
"woolwich",2
"worker",2
"workload",2
"wrightbus",2
"wto",2
"yazidi",2
"yellowhammer",2
"zerohours",2
"zika",2
"zone",2
"absenteeism",1
"accelerated",1
"accessions",1
"accrington",1
"accutane",1
"achievement",1
"acorn",1
"adaptation",1
"adhd",1
"adjudicator",1
"adominion",1
"adopted",1
"adoptions",1
"adriatic",1
"adulthood",1
"adviser",1
"aea",1
"aesthetics",1
"african",1
"agencies",1
"agerelated",1
"ages",1
"ahmadis",1
"aichi",1
"aikman",1
"aintree",1
"airbus",1
"airdrops",1
"airspace",1
"alarms",1
"alcoholrelated",1
"algorithms",1
"alharith",1
"alien",1
"alienation",1
"alignment",1
"allergy",1
"alllane",1
"allocations",1
"allowancemotability",1
"allowancesthresholds",1
"alteration",1
"ambassador",1
"ambition",1
"ambulatory",1
"amended",1
"ammonium",1
"amnesty",1
"amounts",1
"amyas",1
"analytica",1
"anchor",1
"anderson",1
"angloamerican",1
"annuities",1
"anpr",1
"antarctic",1
"antidefamation",1
"antidoping",1
"antiques",1
"applicable",1
"applied",1
"apprentice",1
"approach",1
"approved",1
"april",1
"aquaculture",1
"aquatic",1
"archbishops",1
"arena",1
"arm",1
"armenia",1
"arrangement",1
"array",1
"arrears",1
"arrests",1
"arsène",1
"artscreative",1
"asbestos",1
"asdasainsbury",1
"assent",1
"assessors",1
"assistants",1
"associates",1
"asthma",1
"astor",1
"athan",1
"athletes",1
"atlantic",1
"attenuation",1
"auction",1
"auctioning",1
"auctions",1
"auden",1
"audiovisual",1
"audits",1
"augusta",1
"austell",1
"austerity",1
"authentication",1
"autoenrolment",1
"autonomous",1
"avian",1
"award",1
"aylesford",1
"azerbaijan",1
"backbenchers",1
"badges",1
"bae",1
"bags",1
"balkans",1
"ballet",1
"ballistic",1
"ballot",1
"baltic",1
"banknote",1
"barford",1
"barkinggospel",1
"barnsley",1
"barracks",1
"barrier",1
"barristers",1
"basingstoke",1
"bassingbourn",1
"bat",1
"battalion",1
"batteries",1
"battersea",1
"battery",1
"bay",1
"beach",1
"beaches",1
"beautiful",1
"beauty",1
"bedroom",1
"beef",1
"bees",1
"beeston",1
"begum",1
"behavioural",1
"belgrave",1
"bell",1
"belly",1
"belong",1
"berkshire",1
"bermuda",1
"bias",1
"bicycle",1
"bids",1
"billy",1
"bingo",1
"bioenergy",1
"bioethanol",1
"biofuels",1
"biogas",1
"bird",1
"bis",1
"bisexual",1
"blackburn",1
"blacklisting",1
"blagging",1
"blasphemy",1
"blaxhall",1
"blaydon",1
"bletchleyoxford",1
"blitz",1
"bma",1
"bme",1
"bmi",1
"boardrooms",1
"bobby",1
"bombardment",1
"bomber",1
"bombing",1
"bonds",1
"bonus",1
"books",1
"borderlands",1
"born",1
"bosnia",1
"bottle",1
"bournemouth",1
"box",1
"boxes",1
"bramley",1
"brandon",1
"breach",1
"breaches",1
"breakfast",1
"breeds",1
"brewing",1
"bridges",1
"bridleways",1
"bristol",1
"britannia",1
"britishirish",1
"broads",1
"broadway",1
"bronze",1
"brown",1
"broxbourne",1
"broxtowe",1
"bulls",1
"bureaucracy",1
"burglary",1
"burials",1
"bursaries",1
"buses",1
"byelections",1
"cable",1
"cabotage",1
"cafcass",1
"caging",1
"cairncross",1
"calculators",1
"calderdale",1
"calderdales",1
"call",1
"calman",1
"cambridgehuntingdon",1
"cambridgeshire",1
"canada",1
"canal",1
"canals",1
"canary",1
"candidate",1
"cannabinoids",1
"canvass",1
"capping",1
"caravan",1
"cardiff",1
"cards",1
"careacquired",1
"careworkers",1
"carfree",1
"caribbean",1
"carnforth",1
"carriage",1
"carriages",1
"carryover",1
"casework",1
"cash",1
"casualties",1
"cat",1
"catalan",1
"catastrophic",1
"catchment",1
"cathedral",1
"cathedrals",1
"cats",1
"cavalry",1
"cbrn",1
"cctv",1
"cdc",1
"celebration",1
"cells",1
"ceremonies",1
"certification",1
"chadderton",1
"chagos",1
"chair",1
"chairman",1
"chairmanship",1
"chairs",1
"champions",1
"chancellor",1
"channels",1
"chapter",1
"character",1
"chase",1
"chatham",1
"cheadle",1
"checks",1
"chelmsford",1
"chesterfield",1
"chicken",1
"childminders",1
"childrensocial",1
"childtoparent",1
"chinas",1
"chineham",1
"chippenham",1
"chipping",1
"chivenor",1
"choose",1
"christi",1
"churchyard",1
"churton",1
"civilian",1
"claim",1
"claimant",1
"clandestine",1
"classification",1
"cleanliness",1
"clear",1
"clearance",1
"cleethorpes",1
"clerk",1
"cleveland",1
"cliff",1
"clinic",1
"clitheroe",1
"clydebank",1
"coffey",1
"cohesion",1
"coke",1
"colchester",1
"cold",1
"coldfield",1
"colliery",1
"command",1
"commonslords",1
"comparative",1
"competences",1
"completion",1
"conceived",1
"concentrix",1
"concord",1
"conditional",1
"conditionality",1
"conferences",1
"confinement",1
"congenital",1
"connection",1
"conscience",1
"consecration",1
"consensus",1
"conspiracy",1
"constabulary",1
"consultancies",1
"contained",1
"containers",1
"contamination",1
"contempt",1
"continuation",1
"contractual",1
"contributory",1
"coordinated",1
"copenhagen",1
"coptic",1
"corby",1
"cord",1
"core",1
"corner",1
"corrosive",1
"cort",1
"councils",1
"count",1
"counter",1
"countering",1
"countryside",1
"courses",1
"courtappointed",1
"courtaulds",1
"courtroom",1
"covanta",1
"covronavirus",1
"cranfield",1
"crash",1
"cremations",1
"criminals",1
"criticism",1
"croft",1
"crop",1
"crossgovernment",1
"crossparty",1
"croydon",1
"cruise",1
"cruises",1
"culcheth",1
"cullingbovine",1
"culls",1
"curlew",1
"customers",1
"cyberspace",1
"cyberstalking",1
"cybertroop",1
"damage",1
"dartfordthurrock",1
"dashboard",1
"database",1
"databases",1
"deaf",1
"deafness",1
"decarbonising",1
"decline",1
"decriminalisation",1
"dedicated",1
"deescalation",1
"deficits",1
"defined",1
"demonstrations",1
"denial",1
"dentistry",1
"dentists",1
"dependency",1
"depersonalisation",1
"deprivation",1
"deputies",1
"deputy",1
"deradicalisation",1
"dermatologists",1
"dermatology",1
"derogation",1
"designated",1
"designation",1
"detainees",1
"detectors",1
"deteriorating",1
"deterrence",1
"developed",1
"developers",1
"device",1
"dfe",1
"dfids",1
"diagnostic",1
"dialogue",1
"dickens",1
"diets",1
"difference",1
"differential",1
"direction",1
"directorships",1
"disabilityrelated",1
"disadvantage",1
"disasters",1
"discarded",1
"discharges",1
"discipline",1
"diseasegordon",1
"dispensing",1
"displacement",1
"disposals",1
"disposition",1
"disputes",1
"disqualification",1
"dissident",1
"distributor",1
"disused",1
"divergence",1
"diversification",1
"diverted",1
"doctor",1
"donors",1
"doping",1
"dormant",1
"dorsal",1
"double",1
"doubledecker",1
"douglas",1
"downey",1
"dpp",1
"drc",1
"dress",1
"drilling",1
"drinking",1
"driven",1
"droughts",1
"drugrelated",1
"drugresistant",1
"duchenne",1
"duck",1
"dulwich",1
"dup",1
"duration",1
"durham",1
"dvla",1
"dyfedpowys",1
"dystrophy",1
"earningsinflation",1
"earthquake",1
"ease",1
"easing",1
"eat",1
"ebooks",1
"ecigarettes",1
"ecological",1
"economicsnhs",1
"ecotown",1
"ecotowns",1
"eculizumab",1
"educating",1
"eea",1
"eider",1
"elder",1
"elderly",1
"elective",1
"element",1
"elgin",1
"ellesmere",1
"ellison",1
"employability",1
"employee",1
"employees",1
"employer",1
"encouragement",1
"endangered",1
"enderby",1
"energyefficient",1
"enfield",1
"engineers",1
"enhanced",1
"enter",1
"enterprises",1
"epetitions",1
"equalisation",1
"equatorial",1
"eradication",1
"escooters",1
"essential",1
"estates",1
"estuary",1
"ethics",1
"eubritish",1
"eujapan",1
"eurotunnel",1
"evel",1
"exceptions",1
"exchanges",1
"exemptions",1
"exercises",1
"exeter",1
"exhaust",1
"expenses",1
"expert",1
"expiry",1
"exploration",1
"expulsion",1
"exservice",1
"extending",1
"extraction",1
"eyesight",1
"facilitation",1
"factories",1
"failure",1
"fairer",1
"fairly",1
"false",1
"fare",1
"farmland",1
"fast",1
"fastgrowing",1
"fatalities",1
"favoured",1
"fcdo",1
"feepaid",1
"females",1
"fen",1
"fertilisers",1
"festivals",1
"fife",1
"fighter",1
"fighters",1
"file",1
"fines",1
"firstaid",1
"fissionable",1
"fit",1
"fixedodds",1
"flags",1
"flagsparadesprotestsdealing",1
"flammable",1
"flats",1
"fleet",1
"fletcher",1
"flexibility",1
"floating",1
"flu",1
"fluorinated",1
"flybmi",1
"flygrazing",1
"foot",1
"forests",1
"form",1
"forms",1
"fortification",1
"fourday",1
"foxhunting",1
"fracturing",1
"francis",1
"frankland",1
"fraudulent",1
"freedoms",1
"freeholders",1
"freeports",1
"friday",1
"frozen",1
"fruit",1
"fuels",1
"fullfibre",1
"fumes",1
"fundamental",1
"fur",1
"furniture",1
"fusiliers",1
"gagging",1
"galileo",1
"gang",1
"gangmasters",1
"gaoithe",1
"gases",1
"gateshead",1
"gatwick",1
"gcsealevel",1
"gcses",1
"genetic",1
"genium",1
"genomes",1
"geothermal",1
"german",1
"getting",1
"gift",1
"gig",1
"gigabit",1
"gigabitcapable",1
"gipsy",1
"gliding",1
"glioma",1
"gloucestershire",1
"golden",1
"goodbyes",1
"goole",1
"grand",1
"grandchildren",1
"grangemouth",1
"grass",1
"grayling",1
"grayrigg",1
"greenbelt",1
"greencore",1
"groceries",1
"grouse",1
"guaranteed",1
"guardianship",1
"guards",1
"guidelines",1
"guildford",1
"guinea",1
"haemochromatosis",1
"haiti",1
"haiyan",1
"halifax",1
"halls",1
"hamlet",1
"hampshire",1
"harbour",1
"hargreaves",1
"harmandir",1
"harmful",1
"harold",1
"hartlepool",1
"hartlepools",1
"harveys",1
"harwich",1
"hawk",1
"hazara",1
"hazaras",1
"hazardous",1
"heads",1
"healthwatch",1
"heather",1
"heavy",1
"heavylift",1
"heels",1
"helen",1
"helicopter",1
"helier",1
"helios",1
"helmand",1
"helms",1
"helping",1
"hendry",1
"henry",1
"heritageled",1
"hernia",1
"heroes",1
"herzegovina",1
"highestemitting",1
"highland",1
"hightech",1
"hindi",1
"hivaids",1
"hmos",1
"holders",1
"hollins",1
"homeowners",1
"homosexual",1
"honourable",1
"hormuz",1
"horse",1
"hospices",1
"host",1
"hostile",1
"hot",1
"hotel",1
"housebuilding",1
"hulls",1
"humber",1
"hungary",1
"huts",1
"hydration",1
"hydraulic",1
"hypermobility",1
"hysteroscopies",1
"ibm",1
"icelandic",1
"icgs",1
"ifs",1
"illicit",1
"illness",1
"image",1
"immunities",1
"impaired",1
"impartiality",1
"implant",1
"import",1
"importance",1
"imported",1
"improvement",1
"inactivity",1
"incentive",1
"incentives",1
"incinerator",1
"inclusion",1
"incorporated",1
"increased",1
"increases",1
"increasing",1
"incremental",1
"indefinite",1
"indications",1
"infections",1
"infectious",1
"influenza",1
"inherited",1
"initiating",1
"initiatives",1
"injectable",1
"injustices",1
"inmates",1
"inquiries",1
"insect",1
"insemination",1
"insights",1
"inspections",1
"inspectors",1
"installation",1
"installations",1
"institute",1
"instruction",1
"instructors",1
"insurers",1
"integration",1
"integrity",1
"intended",1
"interchange",1
"intercourse",1
"interests",1
"interfaith",1
"intergenerational",1
"interim",1
"intermediaterange",1
"interparliamentary",1
"interpretative",1
"interpreting",1
"intimate",1
"intrinsic",1
"invitro",1
"ipswichlondon",1
"iranian",1
"irelandrepublic",1
"irish",1
"ironing",1
"isildaesh",1
"island",1
"islanders",1
"islwyn",1
"isolation",1
"ivf",1
"jarrow",1
"jet",1
"jewish",1
"jihadis",1
"joanna",1
"jobcentres",1
"jobseeker",1
"joinedup",1
"jordan",1
"journey",1
"jowell",1
"judges",1
"judical",1
"juries",1
"just",1
"kato",1
"katrice",1
"keith",1
"kellingley",1
"kerala",1
"kerslake",1
"kevin",1
"keynessouth",1
"kidneys",1
"kilometre",1
"kits",1
"knowsley",1
"korean",1
"lagoon",1
"lagoons",1
"lamb",1
"landlords",1
"landmarks",1
"languages",1
"laptops",1
"large",1
"largescale",1
"lariam",1
"lartin",1
"lawrence",1
"lawton",1
"lea",1
"leaks",1
"leamington",1
"leaseholder",1
"least",1
"lee",1
"leftbehind",1
"leftover",1
"legion",1
"leniency",1
"leominster",1
"lesbian",1
"letter",1
"lettings",1
"leukoencephalopathy",1
"lgbtq",1
"liaison",1
"libraries",1
"librarytable",1
"libyan",1
"lighting",1
"lights",1
"limitations",1
"limitedliability",1
"lineside",1
"linked",1
"lintononouse",1
"list",1
"listed",1
"listeria",1
"littlewoods",1
"liturgy",1
"litvinenko",1
"livestock",1
"livingstone",1
"loachbrook",1
"localisation",1
"lockchange",1
"lockdowns",1
"londoners",1
"longer",1
"lorry",1
"lotus",1
"lowcost",1
"lowestoft",1
"lowland",1
"lowlevel",1
"lowpaid",1
"lowrisk",1
"lugovoy",1
"lugvoy",1
"lump",1
"luxury",1
"machine",1
"macpherson",1
"mailing",1
"mainline",1
"making",1
"mallet",1
"manager",1
"mandatory",1
"manifesto",1
"manipulation",1
"maraviroc",1
"marbles",1
"marginalised",1
"married",1
"marston",1
"massacre",1
"massive",1
"match",1
"matter",1
"mauritania",1
"maximum",1
"mbe",1
"mckay",1
"mcneill",1
"measure",1
"medals",1
"medicinal",1
"melanoma",1
"mentally",1
"mercury",1
"mergers",1
"messaging",1
"meter",1
"metrolink",1
"microcombined",1
"middlewich",1
"midwales",1
"midwives",1
"milton",1
"mine",1
"miners",1
"mines",1
"mineworks",1
"minibus",1
"minors",1
"misogynist",1
"missile",1
"mitigation",1
"mix",1
"mlas",1
"mmr",1
"modifications",1
"mohamed",1
"moj",1
"monopoly",1
"monument",1
"moor",1
"moorgate",1
"moorland",1
"morale",1
"morley",1
"morning",1
"morse",1
"mortgages",1
"motions",1
"motorcycle",1
"motorhomes",1
"motorways",1
"mouth",1
"moving",1
"mowden",1
"mujinga",1
"multifocal",1
"multiyear",1
"munich",1
"murdoch",1
"muscular",1
"mutuality",1
"mutuals",1
"myths",1
"nancy",1
"naomi",1
"nasheed",1
"navitus",1
"neart",1
"neglectabuse",1
"neglected",1
"neonicotinoid",1
"nepal",1
"nesting",1
"neuromuscular",1
"neurone",1
"newhaven",1
"nice",1
"nicholas",1
"nigerian",1
"night",1
"nihr",1
"nineteeth",1
"nitrate",1
"nitrous",1
"noidling",1
"noncompostable",1
"nonconsensual",1
"noncontractual",1
"noncovid",1
"nondepartmental",1
"nonfunded",1
"nongender",1
"nonjury",1
"nonleague",1
"nonrecyclable",1
"nonresident",1
"nonsurgical",1
"nontariff",1
"nord",1
"notice",1
"nottinghamshire",1
"nus",1
"oak",1
"objections",1
"observatory",1
"occasions",1
"oecd",1
"offers",1
"offgas",1
"offgrid",1
"offquota",1
"old",1
"oldham",1
"olympicparalympic",1
"onestop",1
"ongoing",1
"ons",1
"opelvauxhall",1
"oppression",1
"optimal",1
"optin",1
"ordination",1
"ordnance",1
"orgreave",1
"origin",1
"orlando",1
"orphanages",1
"orphaned",1
"outbreak",1
"outer",1
"outofarea",1
"outofhospital",1
"outsourced",1
"outwood",1
"ovens",1
"overdevelopment",1
"oxide",1
"ozonedepleting",1
"pact",1
"pain",1
"paint",1
"palm",1
"palsy",1
"pancreas",1
"pancreatic",1
"paperwork",1
"parading",1
"paragraph",1
"parcel",1
"parliamentarians",1
"parthenon",1
"partially",1
"parttime",1
"passes",1
"paths",1
"pausing",1
"pavement",1
"paye",1
"peacekeeping",1
"pedestrians",1
"pedicabs",1
"peel",1
"peer",1
"peers",1
"peninsula",1
"pensioner",1
"per",1
"performers",1
"performing",1
"peril",1
"periods",1
"permanent",1
"permitfree",1
"perpetrators",1
"persecuted",1
"persian",1
"pesticides",1
"petition",1
"petroleum",1
"pgce",1
"pharmacists",1
"phe",1
"phones",1
"photovoltaic",1
"physician",1
"pigs",1
"piloted",1
"pilsley",1
"pipeline",1
"pitches",1
"placement",1
"placements",1
"plain",1
"planned",1
"plaques",1
"plasticfree",1
"platform",1
"playing",1
"plutonium",1
"pneumoconiosis",1
"poisoning",1
"poland",1
"polices",1
"policyhmp",1
"pollinators",1
"polyclinics",1
"polycystic",1
"pontine",1
"poole",1
"poor",1
"porn",1
"pound",1
"powersharing",1
"ppe",1
"practiceprimary",1
"preconsolidation",1
"preeclampsia",1
"preferential",1
"pregnancies",1
"prematurity",1
"premier",1
"premises",1
"preparing",1
"prepayment",1
"pressures",1
"pretrial",1
"preventative",1
"priests",1
"primates",1
"primodos",1
"primrose",1
"prioritising",1
"prizes",1
"processes",1
"processions",1
"produce",1
"prolific",1
"promoting",1
"propagating",1
"proper",1
"proscription",1
"prostheses",1
"prosthetics",1
"protesters",1
"provided",1
"province",1
"psa",1
"pshe",1
"psni",1
"puffin",1
"purchase",1
"purchasing",1
"pylons",1
"qatar",1
"qualified",1
"qualifying",1
"quarry",1
"quarterly",1
"rachael",1
"radiation",1
"radiotherapy",1
"railair",1
"rain",1
"rainwater",1
"rakhine",1
"rally",1
"rapists",1
"raqqa",1
"rationing",1
"rattys",1
"raunds",1
"raw",1
"ray",1
"rayat",1
"raynauds",1
"reach",1
"reactor",1
"readers",1
"realtime",1
"reasoned",1
"reassessments",1
"rebates",1
"recidivism",1
"recipients",1
"reckless",1
"reclassification",1
"recommendation",1
"recommendations",1
"recruitmentprotected",1
"referees",1
"referendums",1
"referral",1
"reflection",1
"reformed",1
"reforming",1
"refugeeasylumseeking",1
"refurbishment",1
"refusal",1
"refuse",1
"regenerative",1
"regiment",1
"registered",1
"rehire",1
"rehousing",1
"related",1
"released",1
"relocating",1
"remand",1
"remedies",1
"remotely",1
"removing",1
"renovation",1
"rental",1
"representations",1
"reproductive",1
"republican",1
"resale",1
"reservists",1
"reservoir",1
"reservoirs",1
"reside",1
"residues",1
"resignation",1
"respite",1
"restaurateurs",1
"retailers",1
"retirees",1
"returnees",1
"reuse",1
"revaluation",1
"revision",1
"rhizotomy",1
"ribble",1
"rifles",1
"ringing",1
"risks",1
"rmb",1
"roaccutane",1
"roadworks",1
"robert",1
"rome",1
"rothbury",1
"rothschild",1
"roundabouts",1
"rue",1
"runcorn",1
"running",1
"runway",1
"rupert",1
"rushden",1
"saddleworth",1
"sahel",1
"sahelnorthern",1
"sahib",1
"sailing",1
"sainsbury",1
"salaries",1
"salford",1
"sanctioning",1
"sandwiches",1
"satellite",1
"satellites",1
"satisfaction",1
"savers",1
"sborn",1
"scam",1
"schoolchildren",1
"schooling",1
"schoolschildrens",1
"scleroderma",1
"sclerosis",1
"scoring",1
"scrappage",1
"sculptures",1
"sdg",1
"seabirds",1
"seafood",1
"searches",1
"seaside",1
"seating",1
"securitisation",1
"seed",1
"seeker",1
"seeking",1
"selective",1
"selfbuild",1
"selfdefence",1
"selfdisconnection",1
"selfidentification",1
"selfisolating",1
"sensitive",1
"september",1
"serco",1
"servants",1
"servicemen",1
"sevendayaweek",1
"seventeenth",1
"severely",1
"sexselection",1
"shamima",1
"shares",1
"sharia",1
"sheep",1
"sheerness",1
"sheffieldgovernment",1
"sheltered",1
"shepherd",1
"sheppey",1
"shepton",1
"shipbuildingtype",1
"shiplake",1
"shipments",1
"shoplifting",1
"shoreham",1
"shoretoship",1
"sibling",1
"sickness",1
"sighted",1
"silva",1
"similar",1
"simplifications",1
"singing",1
"singlesource",1
"singleuse",1
"sizes",1
"skewen",1
"skies",1
"slack",1
"slade",1
"sleeper",1
"smith",1
"smoke",1
"snares",1
"sochi",1
"software",1
"solid",1
"solitary",1
"solution",1
"solutions",1
"sovereign",1
"sovereignty",1
"spa",1
"spac",1
"spaingibraltar",1
"spanish",1
"spare",1
"sparkling",1
"spatham",1
"specialised",1
"specified",1
"spend",1
"spitfire",1
"sponsor",1
"sponsors",1
"sponsorship",1
"sportivate",1
"sprinklers",1
"square",1
"squash",1
"stacklorry",1
"stadium",1
"stake",1
"stakeholders",1
"stakes",1
"stamps",1
"standard",1
"statute",1
"stayathome",1
"steart",1
"steelworks",1
"stephen",1
"stepping",1
"steps",1
"steven",1
"stevenage",1
"stillbirth",1
"stillbirths",1
"stockpiles",1
"stone",1
"stonehenge",1
"store",1
"storm",1
"strait",1
"streat",1
"stroud",1
"structure",1
"subcontractors",1
"subpost",1
"subregion",1
"subscriptions",1
"substantive",1
"sufferers",1
"sultan",1
"sum",1
"summertime",1
"sunbed",1
"supervision",1
"supplier",1
"supplyside",1
"supranuclear",1
"surcharge",1
"surcharges",1
"surgeries",1
"surrey",1
"survival",1
"suspicious",1
"sutton",1
"swansea",1
"swaythling",1
"swine",1
"switchover",1
"syndicates",1
"syndromes",1
"synthetic",1
"tablets",1
"tachographs",1
"tailored",1
"taiwan",1
"tajikistan",1
"takeaway",1
"takeovers",1
"takeup",1
"talking",1
"tanker",1
"tape",1
"targeted",1
"tasks",1
"taxes",1
"teams",1
"tech",1
"technological",1
"teenagers",1
"teignmouth",1
"telecare",1
"telegraph",1
"telehealth",1
"telephone",1
"televised",1
"teleworkinghome",1
"term",1
"terminations",1
"terrace",1
"terrestrial",1
"terror",1
"tertiary",1
"tessa",1
"thalidomide",1
"theatres",1
"theme",1
"theories",1
"theory",1
"therese",1
"thermal",1
"thirsk",1
"thorntoncleveleys",1
"thought",1
"threetier",1
"threshold",1
"thurrock",1
"tibet",1
"tibetan",1
"tier",1
"timeshare",1
"timetable",1
"timing",1
"today",1
"togo",1
"toilet",1
"toll",1
"tolling",1
"tools",1
"torbay",1
"tornado",1
"tour",1
"touring",1
"tourists",1
"track",1
"traded",1
"trailers",1
"trans",1
"transaction",1
"transferred",1
"translarna",1
"translation",1
"transmitter",1
"transpeople",1
"transplantation",1
"transportable",1
"transportation",1
"transporting",1
"transvaginal",1
"trauma",1
"travelling",1
"trent",1
"tribute",1
"trichinella",1
"trolling",1
"troubles",1
"truancy",1
"tumour",1
"tunisia",1
"turbans",1
"turing",1
"turkeygreece",1
"twofactor",1
"twostate",1
"tyne",1
"tyneside",1
"tyres",1
"uae",1
"uighur",1
"ukcanada",1
"ukisrael",1
"uksaudi",1
"ukturkey",1
"ukwide",1
"ultra",1
"umbilical",1
"unconditional",1
"underfives",1
"undergraduate",1
"underhill",1
"undertakings",1
"unesco",1
"unexploded",1
"unfair",1
"unhcr",1
"unhealthy",1
"unhrc",1
"uniform",1
"unitary",1
"unitingcare",1
"unjustified",1
"unmet",1
"unregulated",1
"unsold",1
"untreated",1
"upland",1
"usa",1
"user",1
"userled",1
"users",1
"uyghurs",1
"vacancies",1
"vacancy",1
"vale",1
"valuation",1
"valueformoney",1
"vanguardclass",1
"vegetables",1
"vegetation",1
"ventilators",1
"vessels",1
"veteran",1
"victoria",1
"video",1
"views",1
"vinovium",1
"violations",1
"visit",1
"visitors",1
"visually",1
"vocations",1
"volume",1
"wakefield",1
"walkin",1
"walsall",1
"walsallrugeley",1
"wanless",1
"warfare",1
"warheads",1
"warming",1
"warships",1
"wastage",1
"watchkeeping",1
"weekly",1
"weight",1
"wellingborough",1
"welwyn",1
"wembley",1
"wenger",1
"wessex",1
"weymouth",1
"whalebones",1
"whatsapp",1
"wheelclamping",1
"whistleblowers",1
"widows",1
"width",1
"wigan",1
"wilson",1
"wiltshire",1
"win",1
"withdrawals",1
"within",1
"woodlands",1
"worboys",1
"workings",1
"workless",1
"worrying",1
"worstaffected",1
"worthing",1
"wound",1
"wreck",1
"wrestling",1
"wycombe",1
"yacht",1
"yangtze",1
"york",1
"yvonne",1
"zealand",1
"zoo",1
"zoonotic",1
